id,first_name,value 1,value 2,value 3,value 4,value 5,value 6,value 7,value 8
1,Joshua,92,94,85,94,99,79,29,60
2,Hughie,28,41,18,66,61,20,19,41
3,Beret,21,43,20,61,64,66,65,89
4,Anitra,26,67,17,98,12,10,18,57
5,Micheline,72,43,28,70,98,57,79,66
6,Stu,26,74,30,90,27,9,95,35
7,Sutherland,38,45,7,97,57,84,40,79
8,Jewelle,87,67,54,95,17,88,6,78
9,Keary,81,69,58,13,40,4,74,51
10,Alard,60,89,49,56,85,61,72,8
11,Octavius,29,98,40,67,68,92,20,57
12,Ted,47,81,97,63,51,18,50,65
13,Vanna,39,72,50,55,33,92,57,99
14,Fidel,19,24,35,70,78,37,45,20
15,Casandra,3,57,6,13,55,98,71,66
16,Dinah,44,96,26,98,69,53,71,86
17,Arney,34,58,43,38,39,12,28,73
18,Netty,96,28,9,26,50,55,83,22
19,Tod,15,29,80,73,54,53,9,44
20,Cinda,62,66,90,41,15,53,27,17
21,Court,55,45,20,38,57,16,8,74
22,Jenny,51,25,80,70,58,46,63,69
23,Clarke,43,26,11,78,13,80,8,89
24,Brenda,5,97,5,97,87,83,91,25
25,Kimball,7,75,85,93,71,26,94,5
26,Kinnie,46,61,26,23,70,42,92,32
27,Ogden,41,26,29,80,77,19,37,95
28,Amelie,6,91,12,54,13,23,22,5
29,Lazare,8,32,73,54,57,55,85,92
30,Clara,12,91,90,57,62,71,64,99
31,Janey,73,47,18,44,38,54,11,100
32,Gaultiero,89,74,57,16,9,42,33,91
33,Ferdy,44,71,1,64,86,79,73,15
34,Rhetta,28,47,97,2,49,83,59,43
35,Eydie,1,97,51,40,55,17,86,70
36,Darrel,37,42,46,9,56,35,14,21
37,Bette-ann,72,24,98,91,60,83,92,32
38,Helli,60,30,29,84,39,30,53,91
39,Serena,41,54,42,94,26,37,97,78
40,Jesse,78,74,32,84,29,1,26,79
41,Nelia,47,33,78,98,10,99,93,56
42,Pauletta,55,46,51,32,46,96,38,43
43,Lorelle,12,41,55,42,25,24,70,42
44,Ursala,38,94,26,91,16,86,75,20
45,Morganica,66,67,58,62,73,35,43,97
46,Leigh,96,32,63,47,3,93,56,74
47,Edithe,100,83,11,53,70,62,20,99
48,Vyky,8,80,69,1,32,10,11,32
49,Waneta,75,35,90,67,84,33,32,93
50,Bronnie,53,78,55,66,20,84,32,2
51,Natal,11,21,17,30,68,56,89,6
52,Paten,31,45,42,74,26,93,6,70
53,Inger,91,10,19,57,15,14,64,12
54,Chicky,78,31,73,32,96,63,7,60
55,Fanchette,52,10,37,85,62,5,23,91
56,Derick,50,4,23,97,79,66,3,75
57,Lyn,25,59,61,72,66,38,5,41
58,Markus,97,3,71,91,75,84,57,16
59,Yul,44,69,29,83,73,89,95,93
60,Rodolfo,69,42,33,73,97,67,93,62
61,Farlay,30,53,44,47,46,33,37,78
62,Bevon,20,82,93,21,29,43,64,36
63,Spencer,86,30,25,87,43,50,99,84
64,Burg,25,44,90,54,89,31,66,61
65,Any,62,23,6,85,37,37,92,17
66,Ellette,33,84,85,87,42,97,23,47
67,Jaimie,22,33,48,98,84,59,63,73
68,King,72,81,19,14,15,22,17,38
69,Dar,1,95,42,89,88,35,79,52
70,Randolf,37,45,5,10,27,78,46,27
71,Bert,32,58,30,22,21,58,67,20
72,Brigg,58,73,87,96,12,10,75,69
73,Jedd,49,11,7,100,98,44,28,5
74,Delilah,61,83,30,82,33,18,8,8
75,Nedi,81,59,21,76,28,40,25,25
76,Dermot,45,45,25,98,39,39,9,70
77,Jackson,71,92,53,98,86,47,9,72
78,Suki,99,18,12,50,6,18,45,96
79,Paddy,10,38,25,8,56,23,81,27
80,Pier,61,75,73,9,5,17,73,52
81,Cobbie,49,89,100,84,94,68,37,53
82,Kirk,54,59,27,66,98,90,56,64
83,Marjorie,81,25,81,72,8,98,32,50
84,Clarice,65,87,45,100,10,48,95,6
85,Waly,77,85,89,36,57,89,86,98
86,Tersina,89,49,72,69,22,70,44,54
87,Charlotta,61,29,65,14,18,71,2,65
88,Dillon,40,15,1,74,51,71,94,49
89,Tony,70,11,25,58,42,25,46,23
90,Whitney,98,29,65,39,63,93,35,84
91,Jude,90,81,56,27,86,65,92,61
92,Candace,45,76,36,16,12,90,3,1
93,Wain,86,47,42,23,77,13,24,26
94,Huntley,46,82,100,24,23,81,75,26
95,Carly,1,13,13,12,76,59,72,41
96,Ermin,100,35,5,51,57,39,24,50
97,Dehlia,3,24,2,6,11,22,23,75
98,Ozzie,69,83,92,99,32,91,77,99
99,Kristofer,30,7,97,17,42,89,50,62
100,Rickard,75,61,97,32,74,73,80,54
101,Garrot,83,52,49,44,91,21,100,10
102,Rene,53,36,95,78,81,68,85,30
103,Dar,81,43,34,25,98,8,85,18
104,Willis,53,54,41,61,72,31,26,62
105,Noami,86,75,46,24,14,95,67,63
106,Craggy,76,74,73,79,86,16,38,6
107,Hobard,47,26,17,44,17,16,22,99
108,Alwyn,47,68,56,87,56,15,99,7
109,Denys,31,83,86,94,99,52,32,72
110,Aime,66,72,53,55,12,13,27,66
111,Ileane,73,99,30,5,27,65,17,41
112,Myrta,67,90,97,41,42,82,52,27
113,Aleen,16,41,27,11,80,88,79,20
114,Tonya,19,2,72,38,44,47,45,21
115,Perceval,26,7,59,74,22,85,82,88
116,Beverly,38,25,24,75,95,52,54,24
117,Livvie,42,75,19,48,70,11,25,65
118,Don,23,75,73,27,14,45,2,55
119,Natasha,13,24,53,72,92,66,19,77
120,Harper,92,76,7,5,52,94,79,83
121,Catharine,63,56,93,45,46,24,4,99
122,Alli,66,72,94,8,58,22,78,90
123,Ash,41,18,22,86,98,29,72,96
124,Novelia,50,80,39,61,24,77,29,96
125,Sollie,59,56,85,59,48,61,22,75
126,Izak,80,55,37,45,98,55,87,67
127,Gilli,8,92,54,61,89,48,89,41
128,Bella,91,1,11,34,97,27,86,65
129,Lotti,60,69,71,76,64,61,58,38
130,Joey,95,68,64,79,77,84,36,61
131,Alyson,13,28,19,48,80,38,70,43
132,Amye,2,42,28,55,57,97,79,60
133,Malissa,88,64,40,2,99,51,43,45
134,Bill,61,83,84,61,89,84,36,69
135,Leta,74,11,48,34,85,76,6,47
136,Alisun,39,79,61,7,6,42,20,47
137,Cullan,17,71,90,23,25,64,46,15
138,Marinna,72,61,91,62,15,98,42,79
139,Nevin,39,25,65,61,85,84,73,90
140,Shaina,51,21,68,98,5,15,17,1
141,Eldin,41,14,77,43,38,90,99,36
142,Jedediah,78,45,46,99,48,76,36,30
143,Jennilee,31,49,33,17,85,2,67,94
144,Mahala,67,45,99,21,32,92,59,92
145,Amargo,97,61,54,22,48,4,70,96
146,Aland,65,2,87,17,45,74,3,70
147,Trescha,79,69,24,46,77,57,94,36
148,Mayer,36,49,86,63,32,50,56,61
149,Shannen,1,95,59,20,7,20,3,2
150,Stepha,66,23,7,86,29,28,14,37
151,Budd,66,36,10,84,39,48,18,89
152,Pedro,38,46,81,13,95,73,40,51
153,Shaylah,40,49,24,28,35,54,36,66
154,Serene,9,70,37,10,75,11,64,65
155,Robyn,27,31,90,55,32,82,85,37
156,Cristin,85,13,64,60,12,21,24,98
157,Paddie,36,47,20,66,36,42,18,26
158,Miller,84,62,96,62,15,60,39,60
159,Hadley,48,53,9,61,88,45,23,6
160,Umberto,64,93,94,49,30,51,65,79
161,Cati,97,74,76,7,67,69,95,65
162,Stephine,5,16,13,58,91,1,64,92
163,Nerita,24,91,47,66,86,39,39,12
164,Gregoor,88,79,23,55,10,3,90,41
165,Marthena,11,78,24,82,16,7,59,61
166,Hasheem,15,60,39,74,39,14,77,27
167,Waverly,33,63,93,18,14,96,33,50
168,Denys,66,89,78,19,86,42,58,60
169,Gretna,48,63,1,33,100,79,56,59
170,Kim,37,56,85,67,23,9,60,4
171,Nana,77,17,21,16,24,83,16,65
172,Elissa,48,44,50,96,56,28,70,96
173,Alayne,79,61,23,36,94,14,8,12
174,Mariel,53,27,14,96,21,30,91,44
175,Britte,56,96,51,73,65,31,18,54
176,Gavin,24,4,63,56,39,39,98,14
177,Dalis,71,83,8,74,71,91,24,14
178,Margareta,56,18,44,53,34,72,3,18
179,Elsie,40,21,66,3,59,21,67,75
180,Hazlett,93,71,77,90,77,99,95,86
181,Nicol,90,62,47,74,38,15,47,89
182,Carilyn,65,43,24,44,68,90,25,60
183,Chaddie,95,5,41,52,6,10,21,45
184,Jasper,57,61,25,7,68,45,42,44
185,Magda,43,31,26,62,57,61,98,11
186,Malorie,99,3,74,29,3,46,95,43
187,Maure,87,4,50,91,38,65,36,91
188,Druci,89,10,67,29,82,69,82,80
189,Ermanno,13,14,57,57,25,25,45,60
190,Jacquette,31,75,20,15,19,13,31,88
191,Jasen,4,95,74,95,27,99,28,20
192,Paolo,61,29,79,56,41,43,67,6
193,Cecil,48,58,26,73,7,67,40,51
194,Electra,74,18,63,36,32,70,89,33
195,Moses,84,45,40,89,35,43,60,73
196,Roslyn,1,72,92,70,25,33,72,71
197,Jammie,65,56,13,65,75,71,46,57
198,Mirabel,71,68,98,2,50,2,35,97
199,Tana,31,91,75,68,4,75,94,51
200,Marlon,86,78,30,82,95,53,2,77
201,Ulrica,1,54,13,6,84,89,52,68
202,Cathi,23,86,99,4,75,28,73,76
203,Clarance,87,50,47,8,40,54,52,83
204,Fayre,73,13,26,63,40,90,87,21
205,Lancelot,20,8,32,15,73,22,30,45
206,Van,41,31,63,65,81,48,91,54
207,Roldan,69,70,32,96,55,80,52,69
208,Row,75,92,42,45,28,43,59,59
209,Rebekkah,8,41,74,93,37,98,26,26
210,Boonie,75,16,28,71,91,72,55,13
211,Sterling,34,70,66,76,43,30,84,49
212,Jeromy,84,32,66,11,13,51,89,24
213,Noel,45,51,93,50,32,13,66,2
214,Culver,15,20,29,24,5,37,4,96
215,Heloise,66,40,47,43,42,63,67,30
216,Shaylynn,72,11,18,37,39,90,58,39
217,Evelyn,35,33,77,59,1,32,89,78
218,Hillie,21,76,63,95,29,97,17,52
219,Eddy,77,96,10,85,66,100,63,90
220,Robyn,79,43,45,70,43,33,52,37
221,Bunni,74,44,34,78,50,89,65,23
222,Marthe,91,55,62,83,12,94,40,71
223,Buddie,68,73,15,48,48,45,91,9
224,Kimmi,79,21,35,63,9,78,38,63
225,Ruddy,73,40,17,25,66,54,59,95
226,Allie,54,20,16,31,64,32,24,82
227,Dolley,35,8,79,69,84,51,41,4
228,Carina,49,82,81,6,22,69,88,71
229,Rozalie,34,81,78,51,95,7,73,23
230,Paolina,50,32,55,99,47,98,10,67
231,Lilas,37,29,56,1,68,56,85,14
232,Salim,67,55,8,70,52,15,38,92
233,Jay,99,8,52,89,83,33,39,16
234,Reena,10,59,44,26,14,29,29,30
235,Elsey,20,67,73,18,86,33,85,41
236,Martyn,49,88,52,71,28,19,82,54
237,Roosevelt,6,67,20,31,16,61,33,76
238,Margalit,51,80,3,56,98,60,87,10
239,Sascha,81,75,14,80,98,34,39,46
240,Elene,88,47,52,41,57,40,78,26
241,Bernette,57,53,19,91,49,5,26,81
242,Zonda,67,34,43,24,45,56,77,11
243,Octavius,1,68,24,26,4,4,86,25
244,Lynne,74,44,53,51,45,21,76,81
245,Irving,12,81,18,36,35,45,85,65
246,Fancy,49,93,3,23,59,91,80,65
247,Vladimir,35,98,71,34,52,33,2,52
248,Budd,12,91,65,79,65,73,22,9
249,Nertie,49,42,13,40,47,60,76,58
250,Aubine,23,48,13,79,96,8,81,82
251,Anetta,79,87,34,10,6,70,68,76
252,Shalom,37,44,81,62,83,20,36,57
253,Wally,58,65,68,63,88,9,89,67
254,Rubi,72,53,45,82,75,18,21,13
255,Valeria,92,51,74,85,22,31,8,41
256,Walker,67,72,100,88,43,38,53,38
257,Tim,8,32,66,24,53,89,91,89
258,Bron,34,23,68,60,61,51,96,4
259,Jami,3,37,71,56,75,100,68,99
260,Kristan,48,19,26,44,86,32,71,68
261,Valentine,12,8,80,3,17,7,20,19
262,Fawn,77,10,81,37,71,95,53,84
263,Steffie,77,98,14,17,54,48,31,21
264,Ailbert,31,19,48,98,9,66,22,12
265,Kaylil,35,61,77,92,60,58,79,92
266,Shannan,77,43,51,72,42,86,45,4
267,Inness,27,3,77,41,98,58,57,29
268,Desi,100,97,10,15,26,71,13,37
269,Tristam,89,47,68,77,44,42,23,27
270,Drud,82,44,38,11,19,24,42,40
271,Windham,3,34,69,82,7,60,24,78
272,Teena,70,57,77,17,17,32,34,94
273,Albrecht,57,82,26,20,2,86,80,33
274,Cara,92,76,69,43,77,20,96,83
275,Bartram,31,84,32,25,14,10,14,61
276,Haleigh,27,21,81,100,71,31,73,80
277,Angelika,37,9,24,44,77,43,31,31
278,Urbain,44,3,91,13,16,83,75,34
279,Winston,20,24,21,51,54,34,72,45
280,Bobine,67,70,71,100,8,41,13,93
281,Malvina,2,41,4,97,87,4,35,71
282,Glynda,10,30,9,90,36,52,8,79
283,Roley,82,67,99,56,80,79,68,36
284,Libbi,13,6,86,27,1,47,11,43
285,Emory,93,54,98,50,52,54,70,18
286,Emilie,98,77,91,77,17,72,46,3
287,Danila,90,75,18,62,4,2,19,46
288,Katerine,34,38,39,88,42,62,98,88
289,Steffen,19,98,2,73,12,10,49,81
290,Karmen,76,47,10,9,24,29,23,98
291,Tabby,50,65,32,74,97,28,95,22
292,Wittie,57,53,85,75,85,88,29,47
293,Trumann,35,78,46,27,36,9,70,9
294,Marissa,27,91,3,38,52,87,88,26
295,Fran,90,91,62,83,99,18,18,56
296,Tessi,94,79,38,9,87,49,19,54
297,Lester,37,36,55,9,64,78,14,57
298,Eamon,3,10,65,100,57,11,93,13
299,Carlos,90,42,58,5,97,1,92,29
300,Mack,13,48,73,96,76,66,25,23
301,Melli,27,99,95,16,79,44,92,68
302,Tobe,18,46,28,59,57,52,43,97
303,Merle,96,18,96,45,69,85,7,12
304,Giraud,4,58,38,13,77,5,60,8
305,Rasla,78,9,86,93,100,52,34,41
306,Gregg,61,6,30,31,57,98,1,62
307,Livia,86,39,12,62,62,10,7,85
308,Lilah,26,69,33,49,96,38,72,71
309,Prudy,28,72,92,73,64,27,29,6
310,Saloma,17,7,1,4,7,2,100,82
311,Iolanthe,16,66,61,77,37,66,13,79
312,Corbin,57,49,51,75,2,47,22,11
313,Kerrin,28,16,50,10,9,24,87,65
314,Julius,60,76,50,56,44,56,27,58
315,Paulita,71,37,52,62,20,50,36,98
316,Ursuline,15,7,20,38,4,58,37,56
317,Jennette,21,20,25,18,54,51,60,46
318,Joel,16,16,21,14,68,78,98,8
319,Ervin,27,85,97,62,97,54,98,64
320,Antonietta,29,11,2,65,24,65,99,84
321,Ferdinande,40,89,13,95,68,97,13,84
322,Ambrosi,8,2,99,87,34,83,26,72
323,Correna,76,82,100,9,44,61,17,81
324,Tadeas,64,90,21,42,30,60,53,86
325,Rubia,36,58,53,87,93,68,72,20
326,Estell,86,92,83,55,59,10,58,78
327,Steward,10,100,20,24,11,38,94,83
328,Kerwin,36,38,18,35,52,72,66,19
329,Cathee,4,55,6,70,78,100,23,68
330,Trude,12,81,20,20,64,36,4,35
331,Carmela,49,20,99,40,53,8,48,38
332,Guillema,71,19,34,63,59,80,56,47
333,Geri,48,52,84,2,79,61,78,37
334,Ruddy,66,55,29,7,19,71,11,32
335,Clemmie,35,98,74,25,31,97,26,67
336,Reinaldo,73,43,37,80,6,67,35,57
337,Carley,42,63,26,1,4,59,100,55
338,Rakel,64,25,28,44,61,44,2,26
339,Adan,94,76,53,67,2,3,78,34
340,Valaree,3,41,90,17,13,51,47,51
341,Tore,4,50,68,57,81,22,45,3
342,Timi,35,5,6,17,82,26,44,94
343,Udell,26,82,50,88,12,100,86,45
344,Daniele,93,87,39,39,89,41,55,59
345,Gilberte,36,20,39,45,58,76,96,64
346,Shepperd,97,78,21,74,58,21,24,24
347,Kyle,97,7,60,80,61,58,46,12
348,Bent,82,4,68,43,11,69,91,56
349,Algernon,92,94,19,34,17,27,55,92
350,Jazmin,17,36,16,3,50,27,81,20
351,Devi,55,55,94,87,98,97,80,32
352,Benito,6,26,40,22,2,11,64,32
353,Mina,34,95,95,9,44,85,27,96
354,Henrietta,92,40,21,12,14,25,79,76
355,Neron,19,94,29,41,11,34,57,19
356,Barthel,41,55,21,61,33,34,39,1
357,Cletis,55,54,29,55,75,39,70,45
358,Smitty,37,75,41,95,72,39,74,37
359,Wilmar,76,32,3,20,28,91,71,22
360,Jaymie,88,41,63,63,70,35,25,89
361,Keven,51,92,82,84,51,33,70,81
362,Francesco,50,72,35,39,93,38,46,68
363,Felike,15,80,2,89,5,43,93,54
364,Giralda,32,49,49,48,65,87,1,86
365,Blondell,93,49,77,28,79,46,18,48
366,Dyane,75,11,58,100,9,5,98,16
367,Spencer,40,52,48,42,91,86,94,36
368,Janella,83,31,65,85,91,93,62,98
369,Maximilien,16,53,16,71,58,90,40,26
370,Ema,48,25,13,62,61,42,98,65
371,Freemon,88,48,18,58,15,82,42,32
372,Dolf,71,36,23,45,14,36,38,6
373,Marja,80,95,61,9,47,2,8,60
374,Albertina,91,12,51,97,68,77,57,90
375,Malva,80,20,45,43,51,97,14,45
376,Cheri,9,30,75,15,17,29,56,53
377,Agustin,62,1,2,39,28,2,5,11
378,Cori,6,9,41,67,19,26,100,79
379,Urson,46,25,41,47,12,42,36,38
380,Boone,91,43,37,1,3,38,67,38
381,Coral,73,17,54,69,96,2,98,20
382,Kaine,42,92,89,79,28,28,68,91
383,Mortimer,42,53,90,94,73,33,72,48
384,Hillary,78,87,94,57,4,1,83,72
385,Cal,25,32,17,29,48,81,17,80
386,Marline,22,52,17,3,26,14,50,59
387,Karia,39,36,33,75,92,12,45,60
388,Anetta,84,89,79,89,88,19,49,23
389,Sonnie,62,43,18,17,39,16,10,3
390,Stanwood,95,21,32,8,6,24,39,45
391,Marena,92,14,21,32,15,57,91,91
392,Berthe,59,99,41,81,97,13,44,40
393,Titos,89,100,86,1,74,18,78,97
394,Douglass,75,80,49,77,15,37,73,1
395,Efren,18,49,45,48,21,87,30,8
396,Gusta,78,60,68,35,86,77,72,35
397,Giustina,48,58,8,39,6,2,63,65
398,Wood,25,30,56,71,83,52,98,31
399,Augustus,1,25,69,94,68,41,35,82
400,Giffie,2,75,65,18,56,19,21,9
401,Michaella,2,15,7,18,90,99,74,59
402,Siusan,58,97,92,9,53,70,67,19
403,Cherice,98,50,33,74,25,94,20,36
404,Rubie,65,34,28,35,10,41,82,61
405,Mart,84,69,9,15,28,85,71,36
406,Lynn,69,80,32,39,3,40,18,26
407,Odessa,83,100,92,65,25,84,81,32
408,Prinz,6,97,28,80,22,42,66,20
409,Beauregard,67,55,83,67,93,94,91,86
410,Concordia,87,17,74,57,9,95,69,65
411,Sophey,65,69,32,93,56,24,55,72
412,Lemar,34,55,58,23,98,52,90,99
413,Tadd,13,93,59,38,71,29,56,3
414,Zabrina,40,46,84,85,38,27,72,54
415,Dewitt,96,60,69,42,89,72,4,17
416,Gilli,59,68,25,28,65,94,98,31
417,Kellia,80,95,68,33,20,61,91,79
418,Reggie,88,28,33,61,53,71,14,17
419,Zitella,38,50,20,38,75,74,21,45
420,Lannie,17,89,96,37,68,44,11,70
421,Sky,94,8,66,74,38,84,83,99
422,Bee,67,82,55,41,83,81,31,56
423,Flynn,9,66,52,13,92,6,86,69
424,Winnie,30,49,27,83,49,44,21,66
425,Eleanore,4,39,88,53,19,71,11,89
426,Gusti,9,9,89,7,58,13,88,24
427,Harwilll,31,53,59,100,27,64,97,44
428,Chaunce,5,14,68,70,9,24,82,25
429,Janine,36,16,15,21,32,70,17,24
430,Christian,40,6,80,94,88,92,80,81
431,Marina,19,88,20,87,73,22,61,8
432,Lazare,67,44,25,58,18,22,15,79
433,Pet,87,64,98,68,93,32,21,57
434,Alexine,95,46,81,68,76,63,70,50
435,Laure,35,52,50,16,73,42,3,44
436,Luther,8,25,42,11,58,32,53,58
437,Gillan,97,51,67,93,45,1,33,10
438,Aurilia,80,100,85,93,68,76,2,28
439,Loree,90,96,11,13,57,75,61,35
440,Rudolf,82,38,57,60,12,95,10,8
441,Koo,3,66,6,32,22,74,26,23
442,Mitch,10,41,74,86,18,69,91,85
443,Albie,95,19,10,77,26,29,86,85
444,Harold,73,5,89,86,73,45,26,90
445,North,27,7,24,17,43,29,57,80
446,Juliet,65,31,65,82,37,91,20,49
447,Maryanne,47,62,81,92,23,84,37,43
448,Percy,6,66,22,67,34,88,95,57
449,Keri,3,4,43,2,80,46,51,66
450,Delores,61,27,63,62,93,39,30,59
451,Elfrida,98,3,45,65,43,43,28,69
452,Maryanne,51,54,35,66,76,60,40,72
453,Weidar,91,96,13,64,88,38,75,57
454,Berny,2,85,100,14,99,100,91,17
455,Lance,21,23,43,47,75,87,59,85
456,Elita,77,94,68,52,89,18,48,75
457,Simonne,2,87,43,61,23,90,84,33
458,Roxane,17,28,18,66,18,89,85,67
459,Trueman,87,52,39,76,60,49,37,99
460,Ranique,44,53,87,9,75,41,70,73
461,Katya,25,22,86,5,100,30,93,26
462,Tulley,16,28,80,30,70,97,17,66
463,Nanine,70,89,40,62,49,89,66,14
464,Artur,75,37,22,72,83,92,20,56
465,Dallis,1,1,30,7,53,59,65,33
466,Hubey,13,42,6,90,72,45,78,38
467,Grethel,47,72,93,26,95,71,39,86
468,Dania,21,67,29,42,69,95,36,73
469,Whitaker,90,47,47,34,47,20,83,100
470,Westbrooke,60,41,26,2,77,39,74,80
471,Rose,71,85,28,57,11,91,45,50
472,Meghann,64,85,79,25,59,76,76,61
473,Fredra,38,73,61,36,43,66,10,48
474,Rodolphe,40,32,64,9,76,34,17,71
475,Sofia,47,95,1,17,24,75,39,46
476,Celene,96,35,61,60,53,80,74,65
477,Korry,10,36,59,62,20,69,83,59
478,Dev,69,22,50,59,12,83,3,50
479,Maris,64,12,47,25,4,33,63,95
480,Deonne,85,85,93,51,45,98,37,64
481,Myrle,58,76,41,91,70,28,54,89
482,Boy,24,98,21,32,93,17,91,55
483,Dido,19,44,51,38,79,63,28,9
484,Peirce,86,77,98,24,47,19,10,71
485,Quinn,98,75,74,68,2,5,54,84
486,Tallie,59,28,9,97,3,51,59,34
487,Melisa,26,6,5,69,42,2,38,75
488,Flint,11,19,27,44,24,23,78,36
489,Elora,89,32,43,12,50,60,19,41
490,Marlin,93,3,24,72,87,74,87,75
491,Misti,14,57,69,91,12,82,28,68
492,Susanetta,100,31,19,72,8,82,66,3
493,Michaeline,37,58,45,81,74,49,87,24
494,Darin,82,72,10,89,87,73,82,88
495,Urbano,19,68,20,94,45,76,61,78
496,Cookie,68,50,49,32,66,86,51,38
497,Ferne,59,33,22,64,45,72,12,61
498,Lydon,12,26,21,92,33,48,32,23
499,Jeramey,29,48,76,33,20,80,20,2
500,Brnaby,16,76,87,42,56,19,4,51
501,Gib,92,31,47,72,71,25,39,64
502,Reid,100,35,30,27,75,2,12,72
503,Dalila,61,58,31,65,12,52,43,93
504,Rutter,43,82,59,39,58,5,48,22
505,Greg,6,85,1,52,77,42,7,16
506,Karen,32,56,7,66,6,43,41,33
507,Brian,72,24,34,99,42,26,86,62
508,Deeyn,11,95,8,83,76,85,95,91
509,Marcy,86,23,98,32,29,41,70,67
510,Sibby,29,72,89,43,87,41,90,5
511,Barry,71,43,29,53,28,37,65,55
512,Masha,37,42,87,59,44,6,27,20
513,Tobe,97,82,58,62,56,41,71,79
514,Ripley,31,98,1,7,22,5,72,90
515,Denver,15,45,30,35,35,40,24,83
516,Fiann,79,82,47,4,74,55,72,65
517,Selestina,33,14,69,23,38,92,59,64
518,Hedwiga,24,82,10,44,5,7,26,20
519,Kyle,100,87,62,72,81,61,35,7
520,Lisette,1,45,82,49,2,98,50,33
521,Abeu,44,32,74,24,3,27,46,99
522,Glen,92,47,54,1,77,90,25,89
523,Robert,23,54,19,65,29,16,88,27
524,Tilda,28,43,78,42,79,54,13,95
525,Lavinie,91,40,63,55,78,26,2,72
526,Alister,92,55,53,77,91,54,46,57
527,Pat,91,92,40,46,99,47,28,73
528,Stearne,67,53,96,1,86,84,1,12
529,Aeriel,23,95,58,49,80,71,32,49
530,Reinold,5,36,15,68,14,100,95,62
531,Shoshanna,81,85,34,27,68,72,19,10
532,Alexandrina,72,71,75,96,14,58,21,35
533,Tani,55,6,80,86,32,65,49,63
534,Miguelita,42,48,23,48,43,6,48,23
535,Osmond,31,21,86,8,93,18,6,29
536,Isabella,61,40,91,27,49,61,64,18
537,Umberto,46,7,40,51,33,14,98,68
538,Dorolisa,46,4,57,29,99,90,15,62
539,Rockie,69,13,50,78,92,6,41,45
540,Jeanna,63,68,30,13,18,61,69,71
541,Harold,49,97,92,31,17,61,28,68
542,Aeriell,40,55,77,38,87,8,70,2
543,Remington,72,30,81,54,8,10,17,50
544,Dorrie,28,25,29,15,23,15,81,21
545,Delcine,14,88,60,83,91,27,50,38
546,Vinni,12,88,26,87,60,10,84,70
547,Ellerey,57,38,34,36,97,94,8,82
548,Demetris,85,97,11,83,84,47,19,71
549,Chad,3,86,51,9,41,69,2,12
550,Gianina,37,61,36,9,27,73,83,19
551,Aldric,46,10,46,39,2,77,17,5
552,Welbie,61,22,94,23,61,4,45,46
553,Belita,39,28,30,6,14,90,51,26
554,Caitlin,54,67,21,56,45,12,57,89
555,Marla,18,97,81,37,13,58,71,23
556,Maxim,62,78,46,6,71,46,27,37
557,Pennie,29,73,11,50,12,52,39,65
558,Millisent,66,34,68,15,92,6,34,42
559,Darda,26,19,59,55,86,95,79,59
560,Bennett,39,59,80,18,40,66,50,62
561,Dyanna,78,72,53,39,59,51,16,3
562,Hurlee,20,43,93,12,92,2,4,28
563,Hattie,50,70,39,30,52,100,57,34
564,Idalina,49,87,46,68,77,89,15,96
565,Glynn,22,54,81,97,58,18,23,34
566,Derk,42,18,27,90,51,37,62,36
567,Faustine,88,58,69,7,5,24,44,14
568,Amil,15,53,93,87,14,66,41,100
569,Luella,18,97,3,86,60,74,98,33
570,Brooke,90,95,84,4,40,43,20,44
571,Jaimie,4,14,71,20,29,48,9,83
572,Chico,77,91,88,80,8,16,6,7
573,Geraldine,46,95,45,93,15,57,96,74
574,Abbi,89,68,39,58,53,95,76,28
575,Selie,49,81,7,39,38,25,85,28
576,Perren,8,27,93,95,18,91,76,53
577,Trula,21,26,7,1,82,26,23,60
578,Gregoor,97,67,69,30,56,81,93,15
579,Mabelle,70,16,92,18,97,45,91,24
580,Diane,82,86,55,45,83,13,72,36
581,Ivar,89,44,64,20,24,59,27,37
582,Grantley,3,84,68,4,56,65,50,71
583,Salvador,83,67,96,90,9,29,41,66
584,Megan,14,26,83,24,64,89,72,41
585,Constantina,69,8,62,14,44,66,47,30
586,Marie-jeanne,3,57,55,23,16,41,73,95
587,Auria,23,53,45,93,81,49,4,100
588,Ronny,83,23,11,41,3,46,72,65
589,Mano,93,52,97,77,52,25,61,100
590,Wanids,8,87,71,3,85,22,76,69
591,Margery,71,5,93,63,59,76,39,71
592,Stephanus,19,6,7,70,87,29,32,89
593,Shay,77,24,41,33,70,20,81,54
594,Lila,84,68,36,22,87,26,23,36
595,Oona,8,52,65,39,58,83,84,78
596,Dorita,48,83,42,87,10,3,78,17
597,Gratia,65,61,57,5,71,52,25,41
598,Erika,100,99,93,9,11,47,78,42
599,Barbabas,25,28,91,54,66,97,42,92
600,Marjie,54,98,38,11,32,3,55,87
601,Annelise,7,56,91,64,23,60,36,47
602,Hogan,9,100,73,86,82,91,19,47
603,Myrvyn,46,47,57,31,42,4,40,96
604,Therese,9,46,51,25,100,38,56,48
605,Doro,36,37,56,48,57,12,97,67
606,Jacqueline,3,58,27,44,24,18,93,6
607,Claudio,11,39,15,84,42,8,76,54
608,Corilla,38,40,16,38,33,52,62,48
609,Evaleen,76,64,75,19,1,50,97,16
610,Woodie,65,10,25,10,75,29,79,80
611,Bibi,91,72,72,43,12,28,17,16
612,Brigida,31,4,36,50,59,89,45,59
613,Elnore,9,51,46,12,44,92,79,20
614,Katy,42,97,27,94,17,43,75,19
615,Tasha,89,90,32,57,89,98,17,33
616,Camile,84,65,6,62,18,93,29,27
617,Eydie,27,48,59,28,3,2,48,28
618,Raff,41,24,44,97,83,42,13,56
619,Merwin,54,43,61,13,33,68,46,43
620,Cathe,51,15,14,14,15,6,3,40
621,Moselle,53,57,50,21,35,85,79,39
622,Jimmie,73,62,31,10,99,55,81,19
623,Paten,66,3,80,1,45,86,18,34
624,Marty,2,26,86,44,9,57,28,18
625,Elenore,67,100,32,94,90,88,76,43
626,Eustacia,42,56,29,65,93,51,30,5
627,Avrit,100,4,81,47,83,13,28,95
628,Gradey,8,28,46,90,50,45,44,20
629,Putnem,38,40,2,87,23,50,44,64
630,Osbert,10,54,53,63,98,25,98,35
631,Heda,80,56,14,82,72,84,58,80
632,Jillene,33,8,53,86,36,23,25,93
633,Cheryl,23,11,65,29,49,40,49,22
634,Darnall,54,28,93,44,6,44,98,18
635,Fairfax,89,64,25,18,4,66,56,44
636,Allyson,93,43,89,78,66,81,24,60
637,Randa,8,6,36,33,95,73,64,83
638,Fannie,16,4,31,30,91,63,67,24
639,Fowler,57,38,34,66,50,71,21,2
640,Cicely,85,12,81,96,90,23,81,84
641,Alex,24,90,75,77,13,92,27,86
642,Rem,12,44,87,12,91,76,89,44
643,Addy,62,63,66,37,34,51,83,59
644,Vincenz,10,55,66,17,23,55,4,87
645,Peder,86,39,10,10,52,49,25,9
646,Chrysler,54,44,35,74,11,73,54,27
647,Raddy,58,30,79,66,90,43,85,36
648,Fey,24,53,62,85,84,25,55,14
649,Garner,16,39,32,43,70,80,80,33
650,Myra,51,2,11,44,67,97,46,98
651,La verne,18,94,22,96,90,7,100,2
652,Damaris,56,7,68,7,31,37,56,88
653,Aurlie,32,10,24,13,24,80,32,6
654,Brooks,76,5,57,90,72,56,83,86
655,Moll,9,94,71,57,97,88,29,15
656,Marleen,10,27,61,90,91,21,31,94
657,Consuelo,6,31,65,96,91,63,63,93
658,Thomasin,79,92,71,33,81,15,9,71
659,Pip,56,23,51,17,62,56,71,95
660,Gisele,20,90,60,76,44,54,5,12
661,Rodd,70,6,94,53,88,29,12,100
662,Eduino,10,84,50,53,26,76,93,54
663,Dorri,82,32,63,32,58,65,97,25
664,Shell,72,15,78,42,2,94,5,64
665,Devi,11,68,45,79,52,46,57,5
666,Pavia,2,8,42,19,71,26,84,1
667,Armand,42,57,14,92,5,95,30,36
668,Katusha,43,9,34,85,94,14,25,60
669,Claretta,32,83,60,79,43,66,90,51
670,Ernestine,27,80,32,56,32,83,39,76
671,Elyn,29,23,26,7,80,77,41,70
672,Muriel,54,97,22,54,7,16,21,42
673,Odette,17,19,65,84,23,10,16,48
674,Monty,67,41,100,56,57,93,53,76
675,Haily,16,37,44,94,87,30,30,48
676,Wiatt,60,87,79,26,41,41,53,74
677,Mischa,18,12,17,49,58,24,44,42
678,Phil,75,42,9,44,12,60,64,6
679,Bink,19,99,96,27,47,12,58,56
680,Charis,97,18,76,22,68,76,85,88
681,Correy,75,89,38,78,97,27,57,27
682,Petunia,86,16,52,35,55,93,19,77
683,Dougy,7,90,66,29,20,77,60,41
684,Tonie,46,12,42,13,81,14,3,11
685,Ilario,79,54,28,31,14,80,24,28
686,Brittni,23,9,34,78,91,25,86,92
687,Cassius,41,82,42,88,65,10,35,31
688,Jonathan,27,49,53,62,59,99,88,20
689,Cary,95,81,91,68,58,62,10,19
690,Minna,37,57,81,29,72,68,54,54
691,Gibb,72,25,84,44,73,86,49,45
692,Martica,93,6,51,41,50,87,78,23
693,Homere,40,59,74,2,99,78,90,25
694,Nahum,33,82,42,79,79,66,96,74
695,Any,55,85,64,79,16,39,29,81
696,Reinaldos,83,87,53,56,88,80,64,54
697,Misha,7,74,84,99,73,25,22,14
698,Joseph,22,34,89,17,63,85,60,25
699,Raquel,56,98,78,29,92,22,44,55
700,Mattie,81,18,66,61,82,58,44,84
701,Philippe,75,98,57,39,58,78,31,1
702,Charo,19,93,50,34,98,40,17,37
703,Zonda,90,61,54,71,90,29,76,100
704,Orv,19,77,25,82,81,31,54,70
705,Veronique,59,39,16,30,16,97,54,99
706,Karlik,94,2,33,57,72,34,23,71
707,Shepperd,18,64,46,51,82,74,47,72
708,Reed,9,51,86,71,91,97,79,47
709,Flori,62,80,52,82,76,8,10,8
710,Roley,70,11,77,16,10,92,5,32
711,Riva,58,67,86,21,13,50,9,71
712,Freeland,96,7,62,93,4,34,32,95
713,Cinnamon,67,56,19,91,79,26,11,77
714,Fidelio,53,2,76,30,22,58,10,77
715,Janis,53,25,25,37,56,55,15,9
716,Quinn,79,62,81,39,61,50,34,84
717,Noelyn,73,25,36,53,100,24,85,98
718,Marlo,50,32,30,35,83,84,68,51
719,Karel,6,5,74,96,49,20,28,70
720,Frankie,92,41,93,27,49,40,50,46
721,Frannie,68,86,76,74,97,3,16,99
722,Rochette,49,57,61,37,57,71,90,46
723,Therine,77,57,24,65,72,66,45,45
724,Babara,13,83,40,56,79,53,85,35
725,Vivian,6,89,45,24,99,18,30,3
726,Pierce,55,29,60,95,78,49,5,74
727,Candi,97,47,73,96,14,10,19,2
728,Annadiane,28,27,97,53,74,45,53,72
729,Marje,94,45,40,20,47,72,66,83
730,Ingunna,31,66,39,100,100,23,26,45
731,Stacey,49,87,12,75,15,58,92,93
732,Nathaniel,58,79,22,15,97,28,58,80
733,Elka,70,44,94,56,8,4,43,96
734,Luigi,49,46,64,56,21,13,61,50
735,Oran,28,75,45,13,63,78,33,16
736,Cherrita,90,91,54,35,52,15,75,25
737,Noam,76,2,69,15,19,97,96,9
738,Flo,87,88,82,53,54,36,18,87
739,Kerri,70,44,36,14,57,60,67,96
740,Fan,96,61,16,18,88,68,18,83
741,Hester,85,14,55,64,89,46,73,35
742,Ben,97,3,18,38,21,85,64,86
743,Chrissie,22,90,35,75,55,44,44,1
744,Melita,50,1,39,76,61,69,54,46
745,Tobias,49,75,65,69,6,93,40,96
746,Filippa,32,10,85,42,49,74,30,15
747,Tobey,99,84,65,38,4,52,71,1
748,Clari,80,80,99,4,65,24,68,81
749,Arlen,18,57,98,46,35,99,49,14
750,Aurilia,99,72,26,54,21,41,57,89
751,Leticia,55,55,77,45,61,32,91,36
752,Cornie,27,61,86,37,87,12,33,65
753,Philis,22,91,39,50,52,29,61,45
754,Steffie,96,54,38,22,98,60,1,50
755,Sauveur,68,65,85,32,3,47,62,68
756,Olga,32,49,73,26,25,23,55,25
757,Pierce,76,83,60,66,34,5,44,39
758,Flem,65,24,44,22,26,23,69,80
759,Dinny,70,17,44,26,95,26,21,4
760,Cthrine,45,81,32,95,70,14,51,22
761,Ozzie,13,17,68,49,19,98,79,4
762,Quinta,53,21,74,30,18,15,63,55
763,Lorna,20,25,35,39,61,28,81,10
764,Rod,6,24,97,29,30,85,20,99
765,Dal,45,27,6,27,4,33,33,97
766,Fina,78,3,86,7,44,65,58,55
767,Shurwood,38,41,75,29,11,72,65,51
768,Jenn,56,39,38,23,64,92,38,35
769,Holt,47,77,61,40,81,10,43,80
770,Carleton,57,91,66,26,57,87,61,55
771,Adrea,35,74,33,3,1,71,36,35
772,Jayne,63,21,89,2,82,46,43,64
773,Walker,24,90,52,83,26,40,59,15
774,Anallise,5,58,25,46,37,29,38,66
775,Taddeo,65,28,2,14,41,73,14,99
776,Ginelle,34,42,96,96,95,89,28,42
777,Marcia,29,35,45,28,76,11,60,66
778,Davide,2,85,24,22,48,55,38,73
779,Ralph,33,8,64,2,52,25,100,50
780,Isaak,90,3,45,84,76,93,46,47
781,Pincas,81,80,59,75,8,53,92,31
782,Caldwell,61,44,34,58,81,100,95,51
783,Orv,52,30,72,66,42,59,12,11
784,Kerri,26,41,6,14,25,83,100,96
785,Earl,67,26,26,62,79,91,69,17
786,Christean,20,89,65,86,8,97,99,42
787,Gherardo,82,90,94,67,62,59,25,64
788,Nicoli,43,61,53,25,32,11,21,1
789,Jania,68,58,46,54,8,52,27,43
790,Darsie,98,63,95,37,33,94,93,10
791,Claudine,20,33,52,83,34,90,15,72
792,Iosep,53,77,79,77,65,20,70,37
793,Charo,67,18,32,24,50,5,78,77
794,Granny,28,13,44,1,73,4,17,97
795,Ker,40,64,60,60,99,58,13,94
796,Cinnamon,35,81,43,47,78,87,48,92
797,Marguerite,5,82,81,34,92,26,41,40
798,Matthew,2,92,3,17,32,97,55,73
799,Herculie,99,62,73,29,55,2,88,43
800,Timofei,91,2,50,27,68,53,92,97
801,Vasily,50,18,37,38,51,59,54,97
802,Elmer,81,55,28,84,86,94,89,38
803,Kerrie,92,15,67,44,77,42,74,92
804,Chanda,76,66,48,57,58,67,65,80
805,Muhammad,16,74,70,73,39,40,15,28
806,Barb,66,53,15,1,30,27,48,60
807,Lilias,46,33,74,76,71,25,64,58
808,Cecily,73,29,76,3,93,73,47,69
809,Elden,27,72,11,66,56,52,47,24
810,Edmund,97,90,2,7,77,47,66,50
811,Rawley,75,45,37,40,51,43,76,40
812,Marillin,72,84,49,72,70,50,87,47
813,Penny,28,58,59,100,94,87,49,26
814,Ole,31,40,88,71,17,29,88,98
815,May,61,46,36,50,6,30,21,66
816,Dominic,78,33,24,56,77,44,73,45
817,Morse,67,75,41,56,64,1,4,27
818,Vance,36,48,32,100,78,51,55,20
819,Bonnibelle,57,95,33,46,1,48,30,10
820,Jackquelin,77,21,34,4,86,37,100,37
821,Kendell,78,20,72,28,68,44,64,91
822,Hussein,1,55,89,94,35,28,79,59
823,Sherye,49,2,37,93,30,54,60,49
824,Jeniece,49,11,5,81,72,30,34,81
825,Amity,64,95,66,53,92,62,80,59
826,Anne,100,26,85,58,38,30,4,9
827,Dedra,80,65,83,25,29,70,4,81
828,Mac,51,71,12,32,74,48,64,38
829,Star,85,100,48,40,70,36,56,85
830,Trenna,59,85,77,9,21,64,1,25
831,Nikolos,18,10,27,40,19,4,10,46
832,Paulita,78,58,88,8,28,81,51,22
833,Janifer,63,26,50,54,91,72,8,2
834,Gay,89,24,75,72,89,31,82,70
835,Claretta,84,70,33,60,37,9,65,98
836,Haze,9,9,39,80,83,85,80,66
837,Ginevra,36,64,41,100,6,9,86,2
838,Roberta,73,80,80,10,30,91,35,54
839,Adey,66,65,48,98,49,53,47,52
840,Celinda,97,56,10,74,83,43,80,74
841,Arielle,74,86,25,40,47,14,71,30
842,Corbin,51,70,78,25,60,2,47,55
843,Belinda,57,93,12,12,40,72,20,91
844,Arri,65,30,12,95,43,75,7,11
845,Sandra,88,9,42,34,57,89,98,93
846,Brok,92,2,7,93,36,14,62,93
847,Mac,67,86,43,87,74,6,78,79
848,Giselbert,3,51,93,35,7,89,70,66
849,Ambros,65,57,34,41,9,99,50,91
850,Diena,34,3,95,49,52,69,73,66
851,Holli,64,58,54,47,25,24,51,9
852,Garik,85,47,79,88,73,16,85,59
853,Forbes,73,98,41,94,76,22,15,84
854,Gerick,62,50,37,46,80,38,42,47
855,Field,77,40,87,21,4,35,51,12
856,Kerrill,10,52,24,53,13,26,38,85
857,Celestia,52,93,11,18,17,16,18,52
858,Andrew,76,21,33,45,89,75,4,76
859,Inglis,97,23,42,70,44,33,95,49
860,Reynard,14,56,50,20,4,55,13,55
861,Lucien,26,94,56,77,65,98,33,44
862,Dmitri,14,100,88,83,25,49,93,44
863,Aretha,14,78,42,27,62,95,33,44
864,Grange,60,7,13,55,6,82,93,29
865,Akim,87,72,58,86,94,95,84,44
866,Madalena,51,27,40,77,53,52,10,46
867,Jedd,15,25,33,30,52,4,60,30
868,Ninon,77,31,6,20,15,44,24,6
869,Verina,94,96,40,52,42,6,11,41
870,Suzi,62,64,60,58,76,12,96,57
871,Kacey,51,49,73,72,85,80,19,70
872,Ediva,99,26,78,29,20,78,64,98
873,Jeanine,48,19,98,69,50,96,13,68
874,Andromache,55,94,18,26,92,28,47,18
875,Susanne,67,68,29,47,61,25,26,51
876,Josh,29,30,66,41,39,90,38,5
877,Germana,22,43,91,64,70,93,47,81
878,Marice,50,61,13,82,79,64,46,8
879,Elsi,74,10,2,78,95,32,24,28
880,Flory,38,61,42,25,10,42,16,42
881,Isacco,17,26,10,56,56,29,72,7
882,Margaretha,87,61,72,80,2,68,67,45
883,Cullie,53,52,17,12,76,3,90,80
884,Justinian,7,100,27,73,6,87,99,67
885,Bondy,5,59,92,89,40,68,99,61
886,Gay,47,39,41,49,64,60,70,58
887,Burton,71,65,8,94,2,94,41,42
888,Teodoor,86,56,59,14,84,57,7,24
889,Wandis,39,43,25,21,37,8,82,2
890,Lil,55,8,50,35,91,70,97,8
891,Farly,67,46,4,49,62,62,89,60
892,Almeria,42,82,48,1,68,88,88,44
893,Justinian,86,79,20,99,51,75,55,87
894,Dallas,38,62,5,35,34,39,62,31
895,Tessa,41,27,42,62,75,24,74,25
896,Currey,76,41,14,72,16,45,94,90
897,Brian,64,2,37,54,16,89,77,81
898,Abbi,78,70,78,81,81,89,44,5
899,Izaak,32,8,36,35,3,30,84,74
900,Earvin,57,80,18,96,39,96,29,67
901,Ruy,12,28,92,52,63,93,45,93
902,Rriocard,1,75,27,88,52,38,47,37
903,Mead,12,52,81,46,9,34,25,20
904,Nicolais,16,8,12,18,97,32,12,36
905,Odelinda,92,49,46,74,97,50,62,65
906,Farlay,65,59,25,35,80,36,75,32
907,Mellicent,50,43,7,61,50,91,31,29
908,Austine,51,62,17,55,43,26,51,88
909,Faunie,50,76,33,1,94,96,60,76
910,Hali,89,96,82,71,98,100,85,15
911,Tanny,68,69,20,31,57,93,97,87
912,Herbert,55,71,99,53,83,29,93,46
913,Tulley,41,76,2,100,46,35,97,42
914,Gayle,93,22,28,1,50,83,45,77
915,Dagmar,46,30,62,1,95,41,95,53
916,Mavis,51,18,52,45,36,45,55,81
917,Yulma,78,89,42,73,43,72,45,32
918,Carmina,6,46,42,42,71,5,49,9
919,Beverley,14,45,23,57,18,97,27,88
920,Joyce,16,65,46,40,53,95,58,86
921,Gilli,94,27,34,66,27,60,51,10
922,Myrna,75,40,78,38,39,46,35,68
923,Clerissa,57,44,40,46,96,64,39,70
924,Mart,78,19,25,89,6,13,80,73
925,Ottilie,35,80,11,33,28,26,2,35
926,Gaspar,29,13,51,92,35,25,2,70
927,Betty,38,44,40,37,26,77,3,31
928,Palmer,83,31,17,50,28,96,1,49
929,Noel,2,98,38,94,11,12,32,48
930,Shandra,31,32,10,73,29,47,81,96
931,Meggie,8,81,42,86,27,43,26,60
932,Annabella,18,10,74,77,11,31,39,57
933,Casey,36,37,51,75,90,39,66,35
934,Rockie,69,22,28,49,41,9,38,49
935,Emmey,69,10,95,78,22,29,42,14
936,Jobi,31,37,16,63,77,66,47,29
937,Leanna,85,56,30,54,45,72,72,42
938,Padraic,56,30,31,96,74,65,21,49
939,Meggi,59,81,98,43,35,46,99,95
940,Corrie,50,15,65,85,96,4,29,11
941,Fifi,52,59,2,9,94,74,64,9
942,Jedidiah,4,96,15,57,57,18,43,9
943,Cletis,15,9,88,100,27,53,42,47
944,Alfonso,91,56,84,58,18,58,24,46
945,Laney,29,68,28,67,65,15,38,83
946,Elton,54,23,64,6,3,17,47,6
947,Chantalle,32,24,9,88,99,97,75,37
948,Fanchette,99,59,100,16,10,61,20,27
949,Marika,67,34,100,52,21,63,84,49
950,Cchaddie,59,12,59,54,27,46,45,77
951,Brooks,72,80,40,38,29,46,64,33
952,Amata,98,1,25,85,33,23,14,71
953,Ibrahim,16,2,24,76,63,30,60,72
954,Augustine,81,66,10,74,2,64,93,93
955,Allie,35,21,73,26,83,65,70,16
956,Coriss,97,28,83,83,3,46,95,84
957,Toni,94,60,25,26,72,7,60,52
958,Stefan,3,42,39,46,16,41,31,5
959,Rockwell,73,31,71,85,83,85,47,17
960,Basilius,72,67,82,11,25,76,50,33
961,Dorene,88,4,1,85,76,24,19,18
962,Rowena,44,2,8,13,36,10,92,36
963,Farrel,67,26,24,16,82,73,19,87
964,Andros,98,71,92,35,25,39,43,7
965,Ekaterina,54,33,73,46,11,60,39,66
966,Bo,40,38,72,5,77,97,69,75
967,Ario,48,18,50,9,77,61,69,45
968,Royal,75,54,38,13,47,12,39,86
969,Sandro,98,58,15,18,3,100,91,70
970,Brande,31,72,33,79,82,88,88,55
971,Vickie,38,66,91,17,53,65,34,49
972,Lauritz,57,7,27,45,18,22,8,95
973,Trstram,72,57,16,48,64,46,75,40
974,Valentino,51,88,56,97,27,75,68,23
975,Bird,20,100,23,10,38,8,17,100
976,Steffi,73,78,21,16,40,59,67,23
977,Nickie,91,54,2,94,7,10,53,78
978,Inness,94,47,26,14,50,8,71,33
979,Dredi,23,49,25,18,92,85,45,99
980,Camille,57,57,94,25,73,48,4,93
981,Emmeline,6,79,40,20,38,2,57,42
982,Kylynn,70,97,79,24,34,37,46,21
983,Denice,70,98,72,26,22,13,72,99
984,Alisun,11,9,69,40,16,36,17,56
985,Sauveur,14,27,75,85,19,42,48,99
986,Man,41,47,96,95,92,51,81,38
987,Veronique,10,35,67,84,13,76,46,46
988,Rhodie,99,33,82,4,80,7,8,35
989,Felecia,11,38,88,79,61,15,11,74
990,Ariela,87,32,95,52,63,51,61,84
991,Donaugh,65,62,81,29,46,83,1,77
992,Florenza,85,92,56,66,37,76,41,31
993,Sybil,7,97,15,23,48,57,9,80
994,Michaeline,64,31,48,7,35,22,63,22
995,Pren,49,15,73,10,76,88,26,53
996,Laetitia,16,49,58,38,44,90,62,79
997,Emilie,20,83,7,64,48,36,97,43
998,Reynolds,70,99,59,15,83,51,63,98
999,Enid,84,93,9,68,28,71,40,16
1000,Annadiane,52,91,89,35,33,62,97,98
